{"cameraMode":{"drawMode":0,"name":"Shaded","section":"Shading Mode"},"sceneLighting":true,"audioPlay":false,"sceneViewState":{"m_AlwaysRefresh":false,"showFog":true,"showSkybox":true,"showFlares":true,"showImageEffects":true,"showParticleSystems":true,"showVisualEffectGraphs":true,"m_FxEnabled":true},"in2DMode":false,"pivot":{"x":0.539264976978302,"y":0.5447742342948914,"z":0.4243881106376648},"rotation":{"x":-0.28528013825416567,"y":-0.2554110884666443,"z":0.07872775942087174,"w":-0.9208934307098389},"size":0.8660253882408142,"orthographic":false}